text,label
Hello Adam,greetings
Hi there,greetings
"Good morning, Adam",greetings
Good afternoon,greetings
"Good evening, Adam",greetings
Hey Adam!,greetings
Morning Adam,greetings
Hey there,greetings
Greetings Adam,greetings
"Hi Adam, hope you're doing well",greetings
Howdy Adam,greetings
Yo Adam,greetings
Hello to you,greetings
Hey!,greetings
Hello!,greetings
Hi!,greetings
Good morning to you,greetings
Good evening!,greetings
"Warm greetings, Adam",greetings
Salutations Adam,greetings
"Top of the morning, Adam",greetings
"Hi Adam, how are you?",greetings
"Hey Adam, good to see you",greetings
"Hello again, Adam",greetings
Hi there Adam,greetings
"Good day, Adam",greetings
Hey friend,greetings
Hello my friend,greetings
"Hi, Adam",greetings
Good morning,greetings
"Good afternoon, Adam",greetings
Good evening,greetings
"Hey there Adam, hope all is well",greetings
Greetings!,greetings
Hiya Adam,greetings
Yo!,greetings
Howdy!,greetings
Morning!,greetings
"Afternoon, Adam",greetings
"Evening, Adam",greetings
"Adam, are you there?",greetings
"Hello, are you there?",greetings
Are you available?,greetings
"Hey Adam, are you online?",greetings
Are you listening?,greetings
"Adam, can you hear me?",greetings
"Are you present, Adam?",greetings
"Hello, anybody there?",greetings
"Hey Adam, you around?",greetings
"Are you up, Adam?",greetings
Is anyone there?,greetings
Are you ready to talk?,greetings
"Adam, are you awake?",greetings
"Can you hear me now, Adam?",greetings
"Hey, are you listening?",greetings
Is Adam available?,greetings
Are you on standby?,greetings
"Hello, can you hear me?",greetings
"Are you active, Adam?",greetings
"Adam, do you copy?",greetings
Are you there?,greetings
"Adam, are you listening to me?",greetings
"Hello, is someone there?",greetings
"Hey Adam, are you active?",greetings
"Can you hear me, Adam?",greetings
Is anyone available right now?,greetings
"Adam, can you hear me alright?",greetings
"Are you connected, Adam?",greetings
"Hello Adam, are you online?",greetings
"Hey, is anybody listening?",greetings
"Adam, are you nearby?",greetings
Are you there right now?,greetings
"Hello, are you around?",greetings
"Adam, are you on?",greetings
"Hey Adam, are you ready?",greetings
Can you hear me?,greetings
"Are you online, Adam?",greetings
"Hello, are you listening?",greetings
"Adam, are you free?",greetings
Is anybody home?,greetings
"Can you help me, please?",greetings
I need some help,greetings
"Adam, I need your assistance",greetings
Could you help me out?,greetings
"Can you lend me a hand, Adam?",greetings
I could use some assistance,greetings
"Help me, please",greetings
"Adam, can you assist me?",greetings
Could you give me a hand?,greetings
I need help with something,greetings
Can you assist me for a moment?,greetings
"Adam, I have a quick question",greetings
Could you spare a moment to help me?,greetings
"I need your help, Adam",greetings
Can I ask for some help?,greetings
"Hey Adam, I need a hand here",greetings
Would you mind helping me?,greetings
"Help needed, please",greetings
"Adam, could you help me for a sec?",greetings
I require assistance,greetings
Could you please assist me?,greetings
"Adam, can you help me with a problem?",greetings
"I need some guidance, Adam",greetings
Can you support me with this?,greetings
"Please help me, Adam",greetings
I'm looking for some help,greetings
Could you help me real quick?,greetings
"Adam, I need a bit of help",greetings
Can you lend a hand?,greetings
"I need assistance, Adam",greetings
Could you offer some assistance?,greetings
"Adam, can you do me a quick favor?",greetings
I need help right now,greetings
Can someone help me?,greetings
"Adam, can you guide me?",greetings
I could use a hand here,greetings
Would you be able to help me?,greetings
"Adam, I need your help for a minute",greetings
Can you give me some assistance?,greetings
"I need quick help, Adam",greetings
"Hi Adam, are you free right now?",greetings
"Good morning Adam, can you help me?",greetings
"Hello Adam, are you available to chat?",greetings
"Hey Adam, do you have a second?",greetings
"Hi, I need some quick assistance",greetings
"Good afternoon Adam, are you around?",greetings
"Hey there, can you help me out?",greetings
"Hello, I was wondering if you're available",greetings
"Hi Adam, are you ready?",greetings
"Good morning, I need a bit of help",greetings
"Hey Adam, are you there?",greetings
"Hello Adam, can you hear me?",greetings
"Hi Adam, I need your help with something",greetings
"Good evening Adam, are you active?",greetings
"Hey, are you free to assist me?",greetings
"OK Adam, are you there?",greetings
"Hey Adam, quick question for you",greetings
"Hello Adam, I need your aid",greetings
"Hi, are you listening to me?",greetings
"Good morning Adam, are you awake?",greetings
"Hey Adam, can you give me a hand?",greetings
"Hello Adam, do you have a minute?",greetings
"Hi Adam, can you help me out real quick?",greetings
"Good afternoon, I need your help",greetings
"Hey Adam, are you online right now?",greetings
"Hello, I need some help please",greetings
"Hi Adam, are you available today?",greetings
"Good evening, can you assist me?",greetings
"Hey Adam, are you ready to help?",greetings